x,y,w,u
2.4140814295868394,7.526421124789543,1,0.5
2.7166263397409147,6.38265610187904,0,0.5
0.4864658546979461,1.8694869023998484,0,0.5
2.3924087652335277,5.514254686117013,0,0.5
3.1531296440019307,7.610605574258004,0,0.5
3.4213452335879957,9.404303161496198,1,0.5
1.4345699385960828,5.285512113159686,1,0.5
3.2611434394865704,9.081877178192851,1,0.5
1.8749527494107459,6.176487595296427,1,0.5
1.7227077438866312,5.5826724586482825,1,0.5
3.248919514043444,7.165166887730396,0,0.5
1.6446817510724938,5.952452855826887,1,0.5
3.337300355655857,9.337511208001622,1,0.5
0.9085952600425506,4.686259147417802,1,0.5
1.7832190990375376,4.79904898766332,0,0.5
2.1334289203984222,5.145203761313508,0,0.5
0.09997204194268572,1.6355379269305352,0,0.5
1.4357179445251025,5.903708717016501,1,0.5
1.9577979981970137,5.964600411574031,1,0.5
2.5041026683277385,7.405661623268034,1,0.5
2.712478402478101,8.162195769568983,1,0.5
2.512765524669611,6.1343620185562235,0,0.5
3.1529715540121397,8.879783289920642,1,0.5
2.4707872872892973,7.034285541303081,1,0.5
2.312629980260557,5.393302726854038,0,0.5
1.7883329855278522,4.7335398398602155,0,0.5
1.66807457188952,4.301145537988674,0,0.5
1.1391701650451376,4.777034169189367,1,0.5
2.6543072689415563,5.726324497060913,0,0.5
2.475017233633328,5.685503459675516,0,0.5
1.349820590003525,3.69907510720294,0,0.5
1.4349997929055918,5.486533014258807,1,0.5
3.688316397818781,9.861140650604693,1,0.5
1.3399803985872905,5.089133481265773,1,0.5
3.77780656051985,8.28638303090907,0,0.5
3.8655116571124317,8.448236139197817,0,0.5
1.2415639037280017,3.3425578321960168,0,0.5
1.8994603872903457,6.129186035683349,1,0.5
1.3195564655611782,5.255936402483575,1,0.5
2.93659695995105,8.054577400985378,1,0.5
2.086225717947352,6.581118269705739,1,0.5
0.02977063406310476,0.4945421547163339,0,0.5
1.9916853912602484,5.1805515334327525,0,0.5
2.2229462524308876,5.48581781467665,0,0.5
1.6114124721135534,4.106052406008148,0,0.5
1.9843319714363201,4.97419069698221,0,0.5
1.7049564014966938,5.712015079230888,1,0.5
4.7700351062591295,10.028214416092665,0,0.5
2.6695527469809712,7.747702024781466,1,0.5
3.4449148192952865,7.817854751295093,0,0.5
2.532814799148328,6.120554623629224,0,0.5
1.8894187876183872,6.269899368326179,1,0.5
1.8680258226171715,6.511059171257197,1,0.5
3.167204176218103,7.6106546880319,0,0.5
0.708224491477351,2.701709283276103,0,0.5
0.3596908840224591,3.0279878617848133,1,0.5
0.8694310301066122,4.607382995829843,1,0.5
1.3341184536299564,3.8626445057335412,0,0.5
2.846430023501034,7.163480787598612,0,0.5
2.985004633606682,8.799093721404994,1,0.5
0.740377593796375,3.940286237050824,1,0.5
2.9903878502500776,6.857923933451974,0,0.5
1.6371128512075843,4.36386909008161,0,0.5
1.024439477364049,5.111706322519596,1,0.5
2.037180789222771,6.287084305230158,1,0.5
1.4752043095789826,4.306107829553034,0,0.5
1.1273644071542661,4.720150506377228,1,0.5
2.1913367651645994,6.468878982569501,1,0.5
1.3764869512587268,3.8560530197633462,0,0.5
-0.5487337925691151,0.8062277569585461,1,0.5
2.231449195392432,6.81240701152819,1,0.5
-1.4445611357505994,-1.9179776661743435,0,0.5
3.561549431719402,8.51717642607411,0,0.5
2.6585539187878986,8.200378937496966,1,0.5
1.1345843337186423,4.811978200126272,1,0.5
2.838559691049701,7.938077325833698,1,0.5
2.589608079360108,6.420800733203126,0,0.5
0.6939793742102716,3.669291600750377,1,0.5
0.7213305555281464,2.7482717883422447,0,0.5
3.0520211345501735,8.88834391156683,1,0.5
3.544452364386456,9.25476745389583,1,0.5
0.6670048885336699,4.33731703619513,1,0.5
1.4858785146690998,3.7175397508917563,0,0.5
2.1058121497352453,4.8638334908914915,0,0.5
1.2702076671340445,4.822896074224019,1,0.5
1.4413865984515128,5.50978513246577,1,0.5
0.1026742687429183,2.4269001340210465,1,0.5
2.7691024355013596,6.84401749892574,0,0.5
3.8985604320411382,10.23819688040921,1,0.5
0.34539550546643905,2.898486810545829,1,0.5
2.950936958634143,9.001757324363428,1,0.5
2.3380409678837424,6.499484387031733,0,0.5
3.110828372088246,9.029195862580542,1,0.5
1.6736349096248508,4.434574751803353,0,0.5
1.1642802136316,3.3862282985023757,0,0.5
1.5408466626709414,4.169458636612711,0,0.5
2.605909075773398,7.031739975635626,1,0.5
2.6016191420067964,6.209828243117783,0,0.5
3.3207480807752563,7.428773819060292,0,0.5
1.1596668140898818,5.486269646639963,1,0.5
2.008082515130463,4.795535600231595,0,0.5
2.544254028552409,7.831396893877282,1,0.5
2.573047507580587,6.741044235123646,0,0.5
4.634977360453119,12.092312623418291,1,0.5
2.269459234680424,6.998025757498071,1,0.5
2.5798913750124974,6.044057230914164,0,0.5
1.5605046959291666,3.9328131486385614,0,0.5
1.4406944251115752,5.7669237751600235,1,0.5
0.3053693230874155,2.6942511471810553,1,0.5
2.5340057093329182,6.226450729510211,0,0.5
3.833247672777262,8.673572810684256,0,0.5
3.2239745497070125,7.464775001835267,0,0.5
1.3343505646885316,5.195328818110035,1,0.5
2.7192830293375394,6.348619491854368,0,0.5
0.8956738175052896,2.8105191234340094,0,0.5
1.2195669397150533,5.300681054431631,1,0.5
1.415014161020843,5.128818444763966,1,0.5
1.8985741171757877,6.842998142024955,1,0.5
2.07998720176892,5.494674515510189,0,0.5
1.3161639507141065,4.729690408896497,1,0.5
1.4869633304159025,3.6671447289036916,0,0.5
1.3199274924022577,3.325218034998888,0,0.5
4.678160082585465,10.665078259801605,0,0.5
3.3726165513046693,9.08880218185545,1,0.5
1.8386820029570194,4.543401046338221,0,0.5
3.630596782536349,8.539917866569915,0,0.5
3.5080018290832284,7.9018728584526725,0,0.5
1.127078627495302,3.2419157706696717,0,0.5
2.3308389016160946,7.209315486597422,1,0.5
3.9640103695614783,10.296354967851629,1,0.5
2.8635089776210587,8.235527931701137,1,0.5
3.8600956991812776,8.94064883136331,0,0.5
1.8562436100655177,6.972361025759141,1,0.5
2.5161440070936516,5.872488714410206,0,0.5
2.5591789684075885,7.615427653641587,1,0.5
3.1488627474709023,9.307993078104612,1,0.5
0.09429615061032681,1.1857042012613994,0,0.5
4.2390917177761605,9.765093748865588,0,0.5
1.3535836390577853,5.1868893296126775,1,0.5
3.208881684482479,8.948284285933717,1,0.5
2.762996123893504,6.740781552812136,0,0.5
3.0467854425769474,8.746217404792507,1,0.5
1.501021029849947,5.776753994266118,1,0.5
2.50778757459186,7.919841373279893,1,0.5
1.601233619026785,5.244283351015602,1,0.5
2.1425028935368906,6.6928049357623856,1,0.5
1.5878029149864292,5.469911758342335,1,0.5
0.3158767872102346,1.6673772499536226,0,0.5
1.4689528700729575,5.002013912600567,1,0.5
1.269365943042779,3.4688346551058813,0,0.5
1.7462183480555311,6.0032946242402305,1,0.5
2.8942021788267285,8.477155345444991,1,0.5
2.6501057970134907,6.501532014794037,0,0.5
4.250374873759101,9.419255925300172,0,0.5
2.4892228609087956,7.370989592505644,1,0.5
1.1638829856211985,4.524531926883528,1,0.5
4.099841090216877,10.721171123765702,1,0.5
2.9199323251689204,6.44929738005055,0,0.5
1.9610181848387904,6.628123660726865,1,0.5
2.1725342751249346,5.2495147783062315,0,0.5
0.33477377787165374,2.01402072907137,0,0.5
1.7463975182471214,4.310007700575632,0,0.5
4.62602299253431,11.240465641732587,1,0.5
2.0747358603594868,6.555244167555617,1,0.5
1.381888926912183,5.647396425949255,1,0.5
1.86197648592726,6.646927631322871,1,0.5
2.1241675375821276,5.061263499929488,0,0.5
3.8681946018353046,8.352826955989126,0,0.5
1.764109760049159,6.009213624687176,1,0.5
2.8846907091428564,8.837938035198627,1,0.5
1.9316027753939706,5.3928184318740175,0,0.5
3.3305633662754337,9.499155538588436,1,0.5
1.2063754041892873,4.60052810243404,1,0.5
1.0927851389792873,5.216915598501434,1,0.5
2.0498424752490227,5.612969699435045,0,0.5
1.3897337994612566,4.036322532297202,0,0.5
0.489563125638556,1.7202518886516245,0,0.5
2.7732110754611945,6.896909030669564,0,0.5
3.3316450409709693,7.202187915349486,0,0.5
1.0715226428501343,3.3646995500649948,0,0.5
1.0820536743194458,5.421125168460448,1,0.5
3.6577383766349594,8.68647333688313,0,0.5
1.8584166216359004,4.8913494638392185,0,0.5
2.7501983742665947,8.200210987515725,1,0.5
2.3497839536071123,6.038517932661106,0,0.5
2.483721134072618,6.205808137380164,0,0.5
2.753378006108976,7.165290284700291,0,0.5
1.4576774597061064,5.509597088238068,1,0.5
1.234316198553711,5.082239844167066,1,0.5
1.1844853116137664,4.868823916666583,1,0.5
0.5086692815468628,3.4510961774148323,1,0.5
2.994633567910567,7.062080294204796,0,0.5
1.2504970931788306,5.311038947518674,1,0.5
2.2585916351402604,5.64543547899094,0,0.5
2.1409942447051376,5.141867901162505,0,0.5
-0.028056520267734086,2.5788138911498257,1,0.5
2.1407650643417844,6.7634883255897655,1,0.5
1.7474012808789778,6.031133388721509,1,0.5
3.112766086959788,7.469796273737365,0,0.5
3.3561764179791878,8.946941847037936,1,0.5
2.7102691276534716,7.95365534699723,1,0.5
1.920849119273101,6.653041325249569,1,0.5
2.5432500930793567,5.847834567630178,0,0.5
0.820064475434751,2.8270101112053174,0,0.5
-0.4008327734953947,-0.3327138356552676,0,0.5
1.6735224506382393,3.523351713362741,0,0.5
0.09757879622508203,1.8777977819058322,0,0.5
2.3296220363495626,7.222126110975144,1,0.5
0.5199023959243334,2.1323025547694323,0,0.5
1.8673743183829594,4.430594890713195,0,0.5
2.548381290463791,6.419945711915886,0,0.5
3.0727951331347163,7.00056044736178,0,0.5
2.0999883631268,6.62702489313442,1,0.5
1.1218268911680895,2.9764819279130017,0,0.5
1.8258931921440769,5.4215436701448,1,0.5
2.9825229829302593,6.575273707054134,0,0.5
0.8619923096726065,4.265850724210493,1,0.5
3.392347291923064,9.600493605288147,1,0.5
2.7811891991748996,6.341819948075878,0,0.5
0.5201988853849528,2.08074083623406,0,0.5
1.9767792670359468,6.334486438700205,1,0.5
2.8335978318427495,8.064700887008053,1,0.5
2.1876549379232815,6.711150531639509,1,0.5
1.1880922940175558,3.458083720996765,0,0.5
1.7661453415924442,6.154642755898205,1,0.5
1.6030862506066976,5.313012930732483,1,0.5
3.9144883315053938,10.704305364129466,1,0.5
2.621744672902296,7.2871599678042625,1,0.5
2.382018895394075,5.658860314419901,0,0.5
0.3722552827314083,1.538143984522804,0,0.5
1.4685650113056505,5.888433412022542,1,0.5
4.554634871886321,10.598733037936599,0,0.5
2.615700748831718,6.1631569392458685,0,0.5
2.576430292969433,7.35865668860447,1,0.5
2.237408584540277,6.8888306691651575,1,0.5
0.6610798953191155,2.3672252946296948,0,0.5
1.0377007104916351,4.59030598149403,1,0.5
2.847626965319399,6.745806748986833,0,0.5
1.0888584271195294,3.404597612881972,0,0.5
1.804933073835309,6.427923146025938,1,0.5
-0.029951018548987296,2.5842187036393236,1,0.5
0.8268927357383051,3.8079218824547407,1,0.5
1.6547012348433752,5.788649180926036,1,0.5
3.265843604392129,7.615576095233723,0,0.5
1.8803709148618797,6.774966381383957,1,0.5
3.3405430918929078,8.17975353918983,0,0.5
0.10030719603402205,2.577105964549298,1,0.5
0.2645427169995276,1.3899115259708235,0,0.5
3.3585600524405663,9.302485760527516,1,0.5
0.35784119056458263,1.5596399703099468,0,0.5
1.2888498753738329,4.1201424787194725,0,0.5
1.0619563410504287,4.781783350053771,1,0.5
1.5901458182026111,5.214771343099923,1,0.5
1.9533850552514622,5.1953056663146855,0,0.5
3.7630721175523143,10.614606204441337,1,0.5
2.575569329617501,6.884741423929597,0,0.5
0.9631037537047367,3.9804957486203105,1,0.5
2.960495214573546,8.290289679655546,1,0.5
4.388004450639633,9.988518823361384,0,0.5
2.419500953116497,5.410562353496673,0,0.5
1.3628860708223751,3.7947692934273425,0,0.5
1.9090567783440096,6.180877898901633,1,0.5
2.094680814051885,6.848607207457622,1,0.5
2.834323607169795,6.551049629902195,0,0.5
2.058085244144697,4.624231196851773,0,0.5
1.918913390285894,6.514008692009131,1,0.5
2.559165335411895,5.834866030210359,0,0.5
0.9793145259847151,3.2365633297007195,0,0.5
0.9534420391388245,3.409937380675835,0,0.5
1.4409712296458843,5.848135298969853,1,0.5
1.210350855578113,4.695175508059354,1,0.5
2.3313054437844594,7.02965207129653,1,0.5
4.169542340442165,10.481443069749805,1,0.5
3.347545119002519,8.95630932546911,1,0.5
2.6132662200416417,7.958517851377795,1,0.5
1.8920305371478023,6.0151994617994164,1,0.5
1.4289910589355643,5.438461075613538,1,0.5
1.320142803785535,3.8292529339995145,0,0.5
-0.016958766391145463,0.6475768628067173,0,0.5
1.5886443591228214,4.337088466760802,0,0.5
3.808185259881332,10.243347149132383,1,0.5
2.3072562578449536,5.670935500638947,0,0.5
1.4320346235243357,5.323139552280841,1,0.5
1.0495044763185184,2.8715237100307354,0,0.5
1.7197150287202452,5.647020121063397,1,0.5
2.1140556172602634,6.876741788339014,1,0.5
0.7966920078966517,3.5709096515165735,1,0.5
2.472192705707458,7.926805006448598,1,0.5
1.5189162777803786,3.9661191444190202,0,0.5
0.7726979605927844,2.3928521145190635,0,0.5
0.5789095680960099,2.436829514388138,0,0.5
3.715063034176006,10.381584331860843,1,0.5
0.4063363636262889,3.366665593316308,1,0.5
3.325660053849874,7.296383508478806,0,0.5
1.8477810306264668,5.871613015972786,1,0.5
4.1805778699298894,9.476646160991448,0,0.5
1.9077343490099334,4.593526451707838,0,0.5
2.238197389686888,6.999344066646294,1,0.5
3.052868739701466,7.210492481409185,0,0.5
1.7359741683045857,5.696698105889006,1,0.5
3.755872766262496,9.664389770704485,1,0.5
3.196169377807486,7.142532662686152,0,0.5
1.4003219372833438,4.073334191055124,0,0.5
1.321705623487603,5.379168136573745,1,0.5
1.9880428182582526,6.692558067869777,1,0.5
0.5983802141968615,3.6291764798784536,1,0.5
1.4776840686611687,4.037356099273575,0,0.5
2.0573659193199543,6.756675761335962,1,0.5
3.1043415149267655,8.222339322467842,1,0.5
1.5330335671843252,3.784812353940662,0,0.5
3.5054099379810486,9.55530151808725,1,0.5
0.6109215478234526,2.0792168653008636,0,0.5
3.3262189327305567,8.90842494679624,1,0.5
2.2020425285429672,4.882021524785354,0,0.5
2.27778544788377,6.841757377343057,1,0.5
2.299872315240394,5.774076772989613,0,0.5
2.775847009984703,7.968102859148664,1,0.5
4.5704893726120455,9.93496805154844,0,0.5
3.1643761641718884,7.234786531390438,0,0.5
2.6214535779444774,8.158619504455922,1,0.5
2.720616540852398,6.263520930459212,0,0.5
1.7864945277305717,4.698007619924554,0,0.5
1.7560606082481154,4.73376080594889,0,0.5
3.343151872110912,9.900154155350176,1,0.5
2.205459835706315,7.065130057099397,1,0.5
4.017289409632136,9.145297322148837,0,0.5
2.546438942206939,6.947093205382259,1,0.5
3.491615265022231,9.565206281192177,1,0.5
3.1361051780258884,7.3477779528303735,0,0.5
2.1107917271756094,5.212996472024301,0,0.5
2.16032252474309,6.863238937464455,1,0.5
3.7298936065366703,8.50698965855983,0,0.5
0.9352709830227885,2.8356460507201917,0,0.5
2.264146878423635,5.486251202498505,0,0.5
2.2860526005877504,6.624502628136713,1,0.5
1.9498062378231098,6.523871821122824,1,0.5
0.6336175746801505,2.0254373324974138,0,0.5
2.7971844485482724,7.724179540993069,1,0.5
1.2040785328217973,4.821420862522425,1,0.5
3.275932009369175,7.495763343295237,0,0.5
2.5366824388503346,7.090935709178021,1,0.5
-0.2279194904633779,2.019917390260553,1,0.5
3.3689547776662705,7.817132946664399,0,0.5
2.3788526586566903,7.595596729934197,1,0.5
1.865304420482974,5.550041223166421,0,0.5
0.37899604253567043,3.544400499980862,1,0.5
0.870190636568982,4.4571828311726165,1,0.5
4.244479475223004,10.83934123960851,1,0.5
1.8579630891451613,6.759630193004215,1,0.5
5.3951645574371385,13.758789402187695,1,0.5
1.8512112873571416,4.940544694586634,0,0.5
2.2670793359047416,5.690809023152166,0,0.5
0.9504529001340767,4.582627941736267,1,0.5
-0.41121571389554656,-0.043797410581446095,0,0.5
3.0310974072280636,7.288360747372798,0,0.5
1.5441330219055351,3.718111834819885,0,0.5
3.996326231097474,8.423421528593396,0,0.5
3.981597590266554,10.381953512865396,1,0.5
1.5712682350884208,5.400731808173062,1,0.5
2.969569292545421,8.170031543155519,1,0.5
1.1347688533251339,4.562007792010175,1,0.5
2.2255280846143575,5.570266504569014,0,0.5
3.1430012951069637,8.631737599978413,1,0.5
2.16550113735855,7.083014672250631,1,0.5
3.2840982140892807,8.739351971169677,1,0.5
1.3203141097333027,4.297644267574187,1,0.5
0.8628803267678131,2.8660731194665057,0,0.5
3.5486031863619996,8.24007211042166,0,0.5
0.8314960800073492,2.2510073727447018,0,0.5
2.639533077586016,7.3164043990627,1,0.5
2.2343735692981586,7.041692781704015,1,0.5
0.4006763385853618,3.162760600675649,1,0.5
0.49608785056834415,3.3479740198562715,1,0.5
2.771889223181312,6.494239379413241,0,0.5
3.432167172204675,8.840525907515195,1,0.5
1.4945249152435207,5.339362578440893,1,0.5
1.08371864451329,3.697214529279657,0,0.5
1.6788605669240524,4.479922645481152,0,0.5
2.1829316798389766,6.484683333955294,1,0.5
3.2273753219940353,7.1889277266781715,0,0.5
2.1489024818429807,5.479414047181552,0,0.5
1.406413357700239,3.613159942787554,0,0.5
2.7124192201085053,8.642235840370663,1,0.5
1.6523091222417756,5.770387688784197,1,0.5
2.355039424996377,7.242032168824191,1,0.5
1.8522384675219272,5.710476232307806,1,0.5
3.3698784946273705,7.177733105564991,0,0.5
3.0706887032315278,7.161593771756597,0,0.5
1.9133770618548347,4.708391105920097,0,0.5
1.01968334312113,4.398983193226538,1,0.5
2.201731407710045,5.478450513551535,0,0.5
2.875528282462007,7.087473540404633,0,0.5
0.5894481812456085,4.225519824028164,1,0.5
2.64256617997704,6.324641336669834,0,0.5
1.0163163278502059,4.929408239316499,1,0.5
2.45849735150607,6.067103617036853,0,0.5
0.7692433847176801,3.7593220204266604,1,0.5
1.60576733011434,4.31973799006837,0,0.5
2.520850168583312,5.519556028799435,0,0.5
1.5996628432053757,3.8477521933440144,0,0.5
1.3797756538151962,3.676340824839738,0,0.5
2.428908308351648,6.212374468497627,0,0.5
2.497940562070544,7.322027608071785,1,0.5
3.02235481011737,8.614827438018004,1,0.5
1.648907304097842,6.1222778442777095,1,0.5
4.593567810802314,12.085959062145486,1,0.5
0.6487264838113806,3.7809054535126747,1,0.5
1.5308740974039234,5.889241299077029,1,0.5
0.44971325853038,1.6223836270772258,0,0.5
3.071258565386355,8.190419418461444,1,0.5
4.1705758593146225,9.701357851122413,0,0.5
3.1588692716119087,8.992826532504667,1,0.5
1.1254841735196774,3.6721333010318373,0,0.5
2.5888573605239147,8.17665300823997,1,0.5
1.167984377196435,4.933157597444494,1,0.5
2.978533319606411,8.732610523000456,1,0.5
2.1164199728917534,5.637883093507401,0,0.5
0.5459628099808329,3.2099953654858426,1,0.5
3.672205350976949,8.910287234282915,0,0.5
3.407953100537887,9.48283982284172,1,0.5
1.5660614351846798,5.774567346786792,1,0.5
2.051456754119707,6.33832602637257,1,0.5
3.99814444530796,9.36660796884117,0,0.5
2.442245655000985,7.406979802772406,1,0.5
1.9822031978806363,5.910427695196706,1,0.5
4.557287328256578,9.69731875773422,0,0.5
1.906309110586288,4.8403946079819615,0,0.5
2.1908884107070596,5.2445762693178075,0,0.5
1.9566289066933527,6.092636766167491,1,0.5
0.7146032909091422,2.63625017446413,0,0.5
3.6415930044142044,8.36063564155812,0,0.5
3.43948141014097,8.040161571039622,0,0.5
3.2413025325367784,9.212283874420287,1,0.5
1.226157095880323,2.868867105500597,0,0.5
1.7322977710709573,6.477298132981347,1,0.5
2.168947166452402,5.575561594681841,0,0.5
1.3191770018297497,3.7283439192922647,0,0.5
3.0624823879356904,7.112544596083028,0,0.5
1.734884122108996,6.5734227071525435,1,0.5
0.3175405115798078,2.2279866775044184,0,0.5
2.2053986252166204,7.0603708800172384,1,0.5
1.9767363169682257,6.159690472696542,1,0.5
2.4590212131821314,5.697149389221389,0,0.5
1.0933093697764575,2.975983199979827,0,0.5
2.9046524536161122,6.448712372584447,0,0.5
2.0846429294104456,5.113891987485008,0,0.5
2.2341204019199887,6.916659102936312,1,0.5
1.7616481521003131,4.073476349306298,0,0.5
2.062637446380793,6.776232895938103,1,0.5
2.1195582624589187,6.635993836086496,1,0.5
1.0649979618732228,4.892142553523354,1,0.5
2.0855220714962335,6.222071647829227,1,0.5
3.0023403707681933,8.65603499402677,1,0.5
1.0582667391684675,4.273326818202814,1,0.5
2.4001577213986702,7.150406494816542,1,0.5
3.290703527210119,7.57800731847913,0,0.5
3.9514350227384774,10.678183132999658,1,0.5
0.9637670200239137,4.488140378668891,1,0.5
3.0258814452150835,8.513945928404281,1,0.5
2.23371162356982,5.351609072937266,0,0.5
1.327310562229937,4.82484958459375,1,0.5
1.7086354460354922,4.944511332338951,0,0.5
3.155443391086801,7.725295265297783,0,0.5
0.5330188480813933,1.6496884028810066,0,0.5
2.851042539542217,8.016931070166713,1,0.5
0.2375385630787259,1.8739594609402754,0,0.5
3.3385797931630212,8.930620244496957,1,0.5
1.7965404948247379,4.901147199082822,0,0.5
3.0832988099485297,6.815387721992357,0,0.5
3.491187550855276,7.741834000897538,0,0.5
1.9532448613911484,4.65811907663289,0,0.5
3.1981875547752834,7.340556860163204,0,0.5
2.501587565660648,7.277763968026684,1,0.5
0.807232454976522,4.243666711610796,1,0.5
-0.1209071171971492,2.133493817418782,1,0.5
2.0455644248797644,5.055036494146552,0,0.5
4.6278527841091215,11.714882589810156,1,0.5
1.9562206903466006,4.876560668343862,0,0.5
0.5083690346661955,1.5018061078299656,0,0.5
2.2197434195820174,5.446254914909987,0,0.5
1.4124258052778587,4.040496085401024,0,0.5
1.971361599177753,4.838118329485315,0,0.5
3.080748199681276,7.1314411447854775,0,0.5
0.8842987351756524,4.148932454953636,1,0.5
2.4666744628965427,5.8373906659963,0,0.5
2.5319035581381466,7.285625671369751,1,0.5
0.9887248907488762,4.67400773835005,1,0.5
3.0611350110845676,8.485939917263453,1,0.5
0.5526269736621858,3.50144910668839,1,0.5
1.5647256433707821,4.427869184324651,0,0.5
2.4572841252960007,7.261775329137171,1,0.5
1.0196427646810937,4.187941399757327,1,0.5
2.613294054208592,7.689730586436666,1,0.5
1.590898435265053,4.741856390779365,1,0.5
2.098469408672737,6.373465647945975,1,0.5
1.8465700100614872,5.066470652324995,0,0.5
2.7113818257893865,7.928202180288832,1,0.5
2.33081029014576,6.768600347817924,1,0.5
1.8478240497073666,6.2725998835297485,1,0.5
1.9580177158628551,6.632589634256391,1,0.5
1.3678839142435861,3.6762502862298656,0,0.5
2.2873412757244034,7.22142855834425,1,0.5
1.604494205785177,6.404844711078384,1,0.5
2.4312528604362793,6.891450968733434,1,0.5
1.3529211404775734,3.776112099879643,0,0.5
3.352414067655021,7.7653564134613315,0,0.5
1.834362587880666,6.2657081404265496,1,0.5
2.1440039045579535,6.3994372741399985,1,0.5
0.7699922893190403,2.1149395939849325,0,0.5
1.999954365697817,4.673711785675775,0,0.5
2.931713058595281,9.101782544194197,1,0.5
2.406904676781717,5.743140806847727,0,0.5
1.6569125106353617,6.039100809544651,1,0.5
1.1626661551953483,4.87155497201569,1,0.5
1.1717958769211614,2.4857008032490575,0,0.5
1.8467156970354073,5.012926826481935,0,0.5
0.952327103176462,2.6947678039936456,0,0.5
1.4503524772305816,4.0873975707177586,0,0.5
1.763563944380984,4.270487551276483,0,0.5
2.2022494370847068,7.266498575945475,1,0.5
3.389836031223112,8.549501923112915,0,0.5
1.0949087700036881,3.106652069969696,0,0.5
3.1429146256287286,7.598008474183395,0,0.5
1.9568217840941755,4.868435824831256,0,0.5
2.900954404450127,6.921696617830421,0,0.5
3.817943822878176,8.476099115615146,0,0.5
2.9768085001544167,8.735962524013079,1,0.5
2.2928775786310633,7.305619728540189,1,0.5
1.9012644206975358,4.819670407993477,0,0.5
2.332759322032877,6.812626322008736,1,0.5
2.004312298269223,4.940918935065832,0,0.5
3.898741300218915,10.16535448264259,1,0.5
1.8025398003460231,6.029069114308378,1,0.5
1.2019694417594908,3.320206210076963,0,0.5
2.1035699938704684,5.178344722569319,0,0.5
1.8995555998679878,6.682603260953096,1,0.5
1.355468950937318,5.340192651772518,1,0.5
2.440963607876645,7.726106767395274,1,0.5
1.8859931952469933,5.944480614504895,1,0.5
3.51318598532145,9.652075019245327,1,0.5
1.6197399445692977,4.409282412852055,0,0.5
2.634808582894661,7.822146957452053,1,0.5
1.571728746189485,5.9645933942008975,1,0.5
2.4668942407195225,7.048865658522875,1,0.5
2.5479502436185886,6.581920451490498,0,0.5
0.6910193067047508,3.695424875592373,1,0.5
2.75337843012898,6.336768313474,0,0.5
2.290992462703908,6.829472808288117,1,0.5
4.248081818627952,10.70483906725689,1,0.5
2.4486207196514878,6.982530556058204,1,0.5
2.8921211471601342,8.602564744050154,1,0.5
-0.005212781935441946,2.9488749069319566,1,0.5
2.0127059551699427,5.364292036297594,0,0.5
3.327377190751866,9.032793917373077,1,0.5
1.340385548664952,3.6368228704219434,0,0.5
1.970307451705277,6.584990620224133,1,0.5
1.599791159380501,6.0584128891582125,1,0.5
3.5739778022171995,9.55785635215984,1,0.5
3.885944536968099,8.709508005150077,0,0.5
2.7915013759737937,8.380868211095724,1,0.5
1.892312240443395,6.368447293624716,1,0.5
0.6493163479712989,3.385650352266228,1,0.5
3.9184814685527605,11.010134065530341,1,0.5
2.3746485837713998,7.308416064593579,1,0.5
1.817893804444004,5.862050292561558,1,0.5
2.8066134838317716,7.920376702548848,1,0.5
1.2362605436934802,3.768691647439275,0,0.5
1.6451092463875765,3.9342435828422846,0,0.5
1.8840710975721557,4.709813791025478,0,0.5
2.1794488413594264,5.755483533988341,0,0.5
3.5530385700197358,9.295052462113047,1,0.5
1.776927871161824,3.96778083843997,0,0.5
3.3534329517196406,7.939115752824443,0,0.5
1.6059604268837786,5.480403632578079,1,0.5
3.210379407478155,7.280480110174347,0,0.5
1.553305959086594,5.154666763328025,1,0.5
1.5935183769192773,3.7987783582788732,0,0.5
2.808952047341845,7.954416946626602,1,0.5
0.5208505200017157,2.194183430639395,0,0.5
1.2621833029933278,4.036641687242221,0,0.5
1.5708529193195515,5.314544914277008,1,0.5
3.029594307602319,8.93019044485103,1,0.5
1.0321184657993885,4.3198688899029305,1,0.5
2.518091717574341,7.450957644010265,1,0.5
-0.0699075602287067,1.2585587877893376,0,0.5
2.895921319051309,8.316150793202594,1,0.5
2.716930822572543,8.973740824302693,1,0.5
1.6215162481509522,5.345703549979234,1,0.5
1.717189027341844,4.657261976170849,0,0.5
1.8330268272222245,4.711828611215285,0,0.5
4.347061779235023,9.409483037853992,0,0.5
1.8526552505957619,3.9725180675347724,0,0.5
2.2274225496842384,5.336866440619933,0,0.5
1.890880210711829,5.282024639028132,0,0.5
3.885178810809599,8.688791012165,0,0.5
2.400359810386346,7.382560238195846,1,0.5
0.8324328837528898,3.008234840814169,0,0.5
2.259986359261812,5.933797694995556,0,0.5
0.6898591622737409,3.5646802727340607,1,0.5
1.7438765024164111,6.103278649877831,1,0.5
2.0795043099340678,5.264457668384798,0,0.5
1.1851964615457042,3.5275163718848632,0,0.5
1.9863287536209868,5.628711635583709,0,0.5
1.0253841419911023,3.0496399262225364,0,0.5
2.007201755501868,4.943869904349897,0,0.5
0.8984480537318644,4.1825327070836,1,0.5
1.4240193478575112,5.287058012172153,1,0.5
2.242174362856878,5.044804745762718,0,0.5
2.2291144103178118,6.4568795027697865,0,0.5
0.22316583005158508,2.269980400191081,1,0.5
1.5955741731165227,4.171278109573458,0,0.5
3.165813734048269,7.289263950935259,0,0.5
2.1266703522007186,6.816404584192361,1,0.5
0.6902229227789001,2.1476532752146134,0,0.5
1.8878311117844742,4.979937441639722,0,0.5
0.6049455544579501,3.8330363594529686,1,0.5
2.2108958885462258,7.133311611147338,1,0.5
1.921062372948922,5.097819322193924,0,0.5
1.1355405039953972,5.060745560843624,1,0.5
1.9854133394103022,6.853153525612139,1,0.5
1.8328459663660988,3.9339148853814243,0,0.5
3.0412256257161334,6.885069835171213,0,0.5
1.3245370115057296,3.6144373899551416,0,0.5
3.1655904008531044,8.644248947674178,1,0.5
0.913058166533737,3.914559864811301,1,0.5
2.492546120006635,5.954987399430963,0,0.5
0.7645177167151025,2.8932909336449355,0,0.5
1.7812474196342327,4.365199346009538,0,0.5
1.0687942308561287,2.842465287779296,0,0.5
2.9624714113282744,6.860496378946987,0,0.5
2.0801099242935974,5.4119828180365515,0,0.5
0.7511180092395382,2.3082768428059612,0,0.5
2.9714743643947488,8.0679092640121,1,0.5
2.622842946287362,7.965221473393965,1,0.5
1.0257744057001434,4.758999664875313,1,0.5
2.100589807465996,6.44893414760617,1,0.5
4.140807317923304,9.284093602685145,0,0.5
0.5865848820288686,2.3760210854421966,0,0.5
1.9182314477527977,5.671233843249508,1,0.5
2.457827395287143,7.630355035718509,1,0.5
1.2837187970490298,5.589428415656979,1,0.5
0.8056144961273881,2.5684562648863487,0,0.5
4.649708733745358,10.320557208303196,0,0.5
3.286639153051576,7.150183512296427,0,0.5
1.05079278189113,5.1266716777658585,1,0.5
0.7825673767499237,2.7547517372535113,0,0.5
0.1501526526850443,2.4425961965944225,1,0.5
1.3914518199471484,4.00090477381325,0,0.5
1.3647219557873138,4.742225169335111,1,0.5
3.710903093826925,9.646974776592149,1,0.5
1.6052297119164707,5.680110910233982,1,0.5
1.2469935504958634,5.305206860404117,1,0.5
2.7960368621677767,7.902629478278457,1,0.5
0.8951909210720397,2.6958371132083694,0,0.5
2.127698784090084,5.274177883809595,0,0.5
3.4815293870321966,7.650251703321564,0,0.5
0.48901271146644065,3.7212292840952372,1,0.5
2.221694055702818,5.013866477971241,0,0.5
1.7708810968588862,6.470893883584608,1,0.5
3.2607268280939214,7.197796883242731,0,0.5
1.4075268933654896,3.28195887227325,0,0.5
0.9812946805796274,2.9452630348776667,0,0.5
2.3665180754062276,7.420228101745223,1,0.5
1.9743715159773565,6.234341244777203,1,0.5
-0.9120224878708751,-0.8219320697514656,0,0.5
1.6838243533353559,3.6196312614472452,0,0.5
3.597908789580278,8.064789804676458,0,0.5
0.3437529366809806,1.7503790697259116,0,0.5
2.052857475708227,6.277559516149973,1,0.5
3.2129736453185442,7.220893676015227,0,0.5
2.280487891536679,5.786345201621343,0,0.5
1.4441163144965357,5.903142063895438,1,0.5
2.368248152338459,6.855190965643716,1,0.5
3.1474981451325212,7.340484624729065,0,0.5
2.5255457684347746,6.104916200721939,0,0.5
1.8979638251118338,5.228900940132799,0,0.5
0.6042066006863798,2.473459713492905,0,0.5
5.09159258878379,11.656961049361305,0,0.5
2.194699355741509,5.31943150199848,0,0.5
1.4599375804093526,3.7960119009053717,0,0.5
1.5822993127470486,5.724670870389021,1,0.5
1.5688613242294263,5.7247501672166985,1,0.5
0.9742094240215371,4.3844750399287316,1,0.5
2.5690331945794442,7.536777961979146,1,0.5
1.8733513882500281,5.938699878094886,1,0.5
1.0423809167557996,2.9256685002429386,0,0.5
2.8786414205858293,6.703095355704093,0,0.5
1.3987241122406537,5.5173266918375194,1,0.5
0.7359494347652249,4.243052006034409,1,0.5
3.1261674470653036,9.304337117841836,1,0.5
1.7479817401401139,4.5123725680470494,0,0.5
2.0341656489895117,6.44683945749211,1,0.5
3.870887590918776,8.823977755566212,0,0.5
2.1449894130087577,6.893995858225405,1,0.5
0.45144430947764635,3.38412932409109,1,0.5
2.8902564256398433,8.36042187675271,1,0.5
2.571155995300182,6.3910205108445775,0,0.5
2.602264361385684,5.8197092277791755,0,0.5
3.8928105190083366,9.080460281167497,0,0.5
0.17855041915787173,1.9766831984233446,0,0.5
1.2273080631889943,4.523035014618851,1,0.5
2.469164270726656,6.084020111757435,0,0.5
1.85798891715666,5.940458806585342,1,0.5
3.605050194489939,8.416878164247438,0,0.5
3.055595362311522,8.371390955610464,1,0.5
2.5590264792769926,7.483870155785226,1,0.5
1.9911183627777014,5.160117563245379,0,0.5
2.7338524385216108,6.480838216285646,0,0.5
2.3258132131354796,5.281368895350351,0,0.5
2.9098770855042355,6.779939700529002,0,0.5
2.3478312520648164,5.319830622076081,0,0.5
1.8264852090656079,6.1622596560651095,1,0.5
2.077382946431102,4.593263936164319,0,0.5
1.4640763696467345,5.3016460917874255,1,0.5
2.0998428583947923,6.740510783462032,1,0.5
1.2508997149232928,3.4525034549328364,0,0.5
0.5166541902225594,3.335163734078253,1,0.5
0.910236859568571,4.346458811792603,1,0.5
2.174718619155613,5.044294737232051,0,0.5
2.211715294195227,5.082115899097991,0,0.5
3.642764839535939,9.814314847206028,1,0.5
1.8282879458671368,4.589214477504058,0,0.5
0.7588715487378694,2.924895952643651,0,0.5
1.2370960213034923,5.382187220699647,1,0.5
1.2471201217436363,5.184524050794751,1,0.5
3.1676639856542117,7.35765703628742,0,0.5
1.8511896866418425,4.380885116489237,0,0.5
0.6596541037864292,2.1496669340518597,0,0.5
2.175856645967901,5.239253979837416,0,0.5
0.5139521814953985,2.1556712320617915,0,0.5
0.6335224764732681,2.4607198497489136,0,0.5
1.5651710774130405,5.380047116673633,1,0.5
1.7872411137986277,6.064012752416237,1,0.5
1.876767095302172,4.541786052941462,0,0.5
1.8584907329104503,5.044024961647245,0,0.5
1.4095926569736155,5.094191872003772,1,0.5
2.4185537768518364,7.691275364722973,1,0.5
0.9535195558339484,2.857338266710058,0,0.5
2.471198630671801,6.064584105315371,0,0.5
-0.16660868826520225,1.2682900255689273,0,0.5
3.4008640525234153,9.878408616204405,1,0.5
3.4939820910479122,8.363587221761932,0,0.5
1.8154106508912093,5.998588706729308,1,0.5
0.5589887709129566,3.4670727762250184,1,0.5
2.1527064183606126,5.154575682079152,0,0.5
2.061204631018157,4.960615118750691,0,0.5
1.1623702517584935,5.08405612020778,1,0.5
4.142197300304694,10.409077467041405,1,0.5
1.709459962331833,4.984517738172721,0,0.5
0.8589836488945122,3.0520185568837976,0,0.5
2.453375481767942,7.416650718212159,1,0.5
3.082548401271839,7.030980035827344,0,0.5
2.922190655572561,6.636687604573189,0,0.5
0.822080641329203,4.549943118716886,1,0.5
0.8055150873316075,3.809448825578415,1,0.5
2.7959044776858937,6.210416209076084,0,0.5
2.728015861044206,7.723431604798665,1,0.5
2.878695376310237,6.906335157491254,0,0.5
3.3626249687498118,9.482967895208052,1,0.5
2.1373532191757705,6.248832303852187,0,0.5
2.624814642352801,6.040440668770591,0,0.5
1.5780883160150243,6.05652909449948,1,0.5
1.971394759687972,5.114271991730506,0,0.5
0.6505826610206928,2.4919603115495272,0,0.5
0.41628543990505706,2.9520866565496657,1,0.5
1.639767896016374,6.031432999081067,1,0.5
2.023902649889365,5.370162885775523,0,0.5
2.4486780425668826,5.80052850656271,0,0.5
1.4712274086443509,3.9943303109696444,0,0.5
3.952997808017093,10.492118902760382,1,0.5
1.2524311443071785,5.301161011425789,1,0.5
2.1422358975994658,6.880123712125449,1,0.5
0.40289054313396355,3.3292547083551196,1,0.5
1.461232156479831,3.8617758839962226,0,0.5
0.487775392816975,1.8317790909224902,0,0.5
3.2019464210805495,7.100318880549118,0,0.5
1.3326211170094022,5.455276741360179,1,0.5
1.4398535201803666,5.541036003640103,1,0.5
1.7315432389126215,5.955022559850136,1,0.5
1.933390038629164,6.28304079493234,1,0.5
1.7256459842235856,4.652052185842094,0,0.5
2.405484135154409,6.901054250657732,1,0.5
2.6326947207844023,7.748720139036645,1,0.5
1.7913861024862816,6.43578301983554,1,0.5
2.8212538460354573,8.123965755413568,1,0.5
0.4672421775078035,1.1830982698015473,0,0.5
2.784977153095031,8.331579904145675,1,0.5
0.5877514959266423,2.6598100054330214,0,0.5
2.028713224128352,6.618322404341967,1,0.5
2.0551876314721635,5.3287119575247015,0,0.5
2.75994156569506,7.900284885138398,1,0.5
1.4278693810035288,4.202322337637742,0,0.5
1.0705663007986173,4.186881122473277,1,0.5
1.179767134709535,3.367259020351896,0,0.5
1.9069990881655654,4.619869556197229,0,0.5
2.948116399829051,7.110586985174468,0,0.5
3.171064154206949,6.776816774112063,0,0.5
3.153314443198572,7.481623428732708,0,0.5
-0.45652277911977857,0.026100773515080902,0,0.5
1.6222347182778507,5.6548330338568125,1,0.5
1.405711479910265,5.3569246354610405,1,0.5
0.7165148332437552,2.30604199940679,0,0.5
4.533864703438352,9.747244969612714,0,0.5
1.508284689223385,5.721218732409067,1,0.5
3.035454517322023,6.478839487788224,0,0.5
3.4953429602161403,9.40746989264797,1,0.5
3.7071526544022113,7.759001643523538,0,0.5
2.7133264450260164,6.087274445123915,0,0.5
0.37054001151767024,3.675899602405406,1,0.5
1.0958035990658703,4.914619955265989,1,0.5
1.9978971030906518,6.7544304688412335,1,0.5
2.357055101974251,7.431132162929968,1,0.5
2.2363959016692943,5.61538368546325,0,0.5
1.4460198022774282,3.8114850339753885,0,0.5
3.1459847129609764,8.843724882588697,1,0.5
1.2141067074160048,5.095959551033991,1,0.5
3.8993795800938447,8.738947849425179,0,0.5
2.9363266034398805,7.990598069762139,1,0.5
1.4530922966202375,4.12698472898431,0,0.5
3.743420710787004,10.108503772319217,1,0.5
2.7608480808648337,6.072018402507213,0,0.5
2.841793917294659,8.518550640596551,1,0.5
1.1870824521985963,3.032737845772256,0,0.5
2.748020631552401,7.807652544543787,1,0.5
2.6451593661775137,7.631095147383997,1,0.5
2.1220409195245487,5.356017413975746,0,0.5
3.0587999767776335,6.832677049456785,0,0.5
1.9050853067891664,4.927133062731278,0,0.5
1.8034179126968786,4.55973267963858,0,0.5
1.5854126817194834,3.984009457190451,0,0.5
3.4708712686469854,7.327252531296448,0,0.5
1.99861628301314,4.771790329252527,0,0.5
2.3157086361467787,7.323806413318341,1,0.5
0.5715826041208683,2.144615650002902,0,0.5
2.6910474396658035,6.147705787713385,0,0.5
1.7405432036134345,6.409602103202837,1,0.5
1.9826275108404197,4.777208767498288,0,0.5
2.4750553090043255,5.804957956030423,0,0.5
1.9240720793146866,7.001035765488196,1,0.5
0.8997726556958925,2.4788009282596097,0,0.5
1.9724102832606305,5.01565509445123,0,0.5
1.5815952622530742,5.5118334100117305,1,0.5
1.6081373266852048,4.137266296319119,0,0.5
-0.48763097498485264,-0.12831477551166565,0,0.5
-0.028011195336083095,2.6578720385351358,1,0.5
2.2582982885862095,7.206817641645376,1,0.5
2.429071240732074,6.1105727126599305,0,0.5
1.5549082691216176,5.480963960854526,1,0.5
1.878258476960454,5.834945537304101,1,0.5
2.782056471631273,6.4107957979520505,0,0.5
1.5377667741053758,4.049357221358894,0,0.5
1.2010881342270805,3.6401020241852664,0,0.5
0.5937063807478666,3.3779760992414505,1,0.5
1.1746800121671783,3.1944543365153124,0,0.5
1.510240831642407,5.615105533070753,1,0.5
2.130944047684932,5.343265106496566,0,0.5
0.6716471184638135,3.8886534856348414,1,0.5
2.2908937461166934,6.7782268197577515,1,0.5
1.751600089282544,6.35555116682102,1,0.5
1.8957365403227928,4.927916292424729,0,0.5
1.8579876217533886,4.563499166595981,0,0.5
1.9879545659379776,6.4449787601891515,1,0.5
2.4098888345292697,5.686547917597434,0,0.5
0.41373309656454493,2.9496906387117914,1,0.5
2.9510618857572313,8.401953530204544,1,0.5
1.4901468191102811,5.5828339336172155,1,0.5
3.1446786922866306,9.063669523306803,1,0.5
2.266922470184334,6.989259168688679,1,0.5
0.9801413964579846,2.6564244747567676,0,0.5
1.9513353401399536,6.091269890764528,1,0.5
2.2453616618608065,5.272831096336819,0,0.5
2.375519670942899,7.007732521248251,1,0.5
1.391818734683044,5.194017740143044,1,0.5
2.9126792337615095,6.990869280472966,0,0.5
3.1927236948862845,7.0217932346629155,0,0.5
3.4964111843275583,7.987450788843586,0,0.5
2.9356655359321038,6.903401976641583,0,0.5
2.050966742336159,6.717506046860759,1,0.5
1.1669572961009411,4.780133227301936,1,0.5
1.6465615768069668,3.935223148448918,0,0.5
4.093567026227888,10.839339120276344,1,0.5
1.8235512724012093,4.873457698690037,0,0.5
3.0024113978661418,7.0628187280026316,0,0.5
2.509793286092427,7.866149801979864,1,0.5
2.5468858407289385,7.429643830629113,1,0.5
2.9102641623935304,7.096127021841807,0,0.5
1.2940631331769317,3.31319417664938,0,0.5
2.9491582336726685,6.507626169351019,0,0.5
2.0420459654905434,4.8177846688566985,0,0.5
2.5502954799534905,7.867743168671169,1,0.5
1.4342977328005153,4.039652798888036,0,0.5
2.86397089207019,8.508475463115918,1,0.5
1.682768966470741,5.867037584203458,1,0.5
3.222686890893341,9.16424162557849,1,0.5
1.5796052959398539,5.938817521929754,1,0.5
2.730551055526261,6.751604438434417,0,0.5
3.133072234311335,7.270383916069427,0,0.5
1.8958797029944545,6.364312231100836,1,0.5
2.144937272980909,6.605949383871537,1,0.5
0.3966271692485219,1.459092703937518,0,0.5
2.6354863937258965,5.892600604261684,0,0.5
2.658662815972584,7.940937968581298,1,0.5
2.550699693321362,6.4875133205783815,0,0.5
3.1480846860164142,8.695068916395652,1,0.5
1.0208714997449144,4.323193042932468,1,0.5
1.8416940046258548,4.874150705370442,0,0.5
0.30720497723850393,2.8951378743111826,1,0.5
2.3933551324459517,5.9672824879582915,0,0.5
0.5841885400279434,3.246385545737204,1,0.5
2.3721808644677873,5.895493868035531,0,0.5
3.008851452996131,6.932691499439918,0,0.5
2.1568007959800553,7.32133204120258,1,0.5
3.0579631872022572,7.259027415506392,0,0.5
2.6345963178369187,6.350839649072007,0,0.5
2.3165968361244595,7.315416287571553,1,0.5
2.947957920879344,6.358610299270106,0,0.5
2.23168651018889,6.892059921138113,1,0.5
0.8573136884617678,4.64883857725709,1,0.5
1.8810927895543905,5.953510027837114,1,0.5
1.3659236361224407,3.4989698109682816,0,0.5
3.4398726480440893,9.53285666737985,1,0.5
2.9639985337657753,8.290351415521817,1,0.5
1.579545970804153,4.179983295416653,0,0.5
1.888993506445641,4.579024940633121,0,0.5
0.46017107640180854,3.573166132951376,1,0.5
1.031394567300129,3.7929561472438422,1,0.5
2.3714224760762486,5.840274893475849,0,0.5
2.1049913598919487,4.994024259245601,0,0.5
1.652035511956864,4.045515290525446,0,0.5
2.726204370374327,6.602727107024117,0,0.5
1.3107597797268786,5.900492534558311,1,0.5
2.510916019688248,5.719532060046361,0,0.5
2.860626732937729,8.547971675118776,1,0.5
1.4303777541105005,3.791030058655883,0,0.5
2.8092812955950373,8.567923284036603,1,0.5
1.2721430890798289,3.0873088796639045,0,0.5
3.1130298146096944,9.059188594097279,1,0.5
1.9271658345516243,5.098141857936,0,0.5
3.838240140961312,9.978430092764858,1,0.5
0.3777011746911756,3.488924913066386,1,0.5
1.8404932410163486,6.254780515897391,1,0.5
1.0666541442084725,3.352614883262315,0,0.5
1.351371400110989,4.040412587781192,0,0.5
1.5764790111008642,3.7053145940199945,0,0.5
3.971361627517072,9.226473274841483,0,0.5
1.5877265700231544,3.7976914466274807,0,0.5
2.3597021899638166,7.392298659786413,1,0.5
1.892876631103749,5.235472463752102,0,0.5
0.7352426287011158,2.6161818189685735,0,0.5
4.647160574567138,11.387427284632468,1,0.5
-0.11838302710268511,2.299732021173237,1,0.5
1.5824479986701339,4.765475082917373,0,0.5
0.5713752442119371,1.8349698960898837,0,0.5
1.3083440155699846,5.392814027687687,1,0.5
3.983700576169291,9.283295656103615,0,0.5
2.1317429194625244,6.93061933135009,1,0.5
2.41457163865834,6.104229740040051,0,0.5
0.7187715935585015,3.9423375766535322,1,0.5
4.232946130702442,10.503679415614348,1,0.5
2.6186148069105526,7.587715878672313,1,0.5
1.5304205198677412,4.119138907599435,0,0.5
2.0380691983078436,5.029417228844161,0,0.5
3.668776660147424,10.095938736491945,1,0.5
2.6001872881935943,8.03862317104748,1,0.5
1.4650778611639566,4.079949039457502,0,0.5
1.9800120297524957,4.915715089555846,0,0.5
1.3580372640588716,4.148493142904673,0,0.5
2.511643728300196,6.146621580185594,0,0.5
1.636039323041656,5.6105008047955005,1,0.5
1.0371248168584648,3.8339417162725007,1,0.5
-0.1302735010088738,2.323188990400893,1,0.5
3.6502135969989924,10.118489368168454,1,0.5
2.4205768812467072,5.9168133539664725,0,0.5
1.062324271074994,5.113251427185836,1,0.5
3.336557444765483,9.083644703364987,1,0.5
3.466430999985664,7.377631601430335,0,0.5
5.336113019613702,13.543320350848576,1,0.5
2.1865647345060624,6.745881217844528,1,0.5
2.7481464919577507,6.2423865569610815,0,0.5
2.737448222296308,7.444886309581714,1,0.5
0.8466983166513351,5.013719643632765,1,0.5
1.031053096439873,4.860668639892906,1,0.5
0.09123455016633542,2.871083425289639,1,0.5
1.3738256236892643,3.8991627700808684,0,0.5
2.1899068854373502,6.207387672018415,1,0.5
2.2668439332390116,7.09541762405388,1,0.5
1.4442051525440114,3.769987151824387,0,0.5
1.8115387666922365,6.50537349828553,1,0.5
0.8568757825922204,4.0330496785668135,1,0.5
0.5459364567433316,2.0950718789649634,0,0.5
3.2688198492320897,9.069339095440101,1,0.5
1.1790381352684995,4.934794643206965,1,0.5
0.39784044410000075,3.4185071525429134,1,0.5
1.0140995137580693,4.275012736683191,1,0.5
-0.3425789109535815,-0.15028683507989987,0,0.5
2.4946161041814965,6.533089298933831,0,0.5
1.4083603674658378,4.113573089862105,0,0.5
1.2044270841302336,4.743239386269248,1,0.5
1.740190704650229,5.712295183755226,1,0.5
2.919360424218366,6.736865885355925,0,0.5
